﻿pos_x,pos_y,rotation,side,designator,mpn,pack,value,mount_type,place
162.4,-82.9,0.0,bottom,C201,,C_0603_1608Metric,22nF/25V,smt,True
162.4,-79.99,0.0,bottom,C202,,C_0603_1608Metric,0.01uF/25V,smt,True
162.4,-77.09,0.0,bottom,C203,,C_0603_1608Metric,0.1uF/25V,smt,True
158.2,-66.8,180.0,bottom,C204,,C_0805_2012Metric,1uF,smt,True
167.3,-78.8,0.0,bottom,C205,,C_0603_1608Metric,2000pF/25V,smt,True
162.3,-71.6,180.0,bottom,C206,,C_0603_1608Metric,0.47uF/25V,smt,True
162.2,-67.9,180.0,bottom,C207,,C_0603_1608Metric,22nF/25V,smt,True
162.4,-75.1,180.0,bottom,C208,,C_0603_1608Metric,0.01uF/25V,smt,True
172.7,-77.0,-90.0,bottom,C209,,C_0603_1608Metric,0.01uF/25V,smt,True
178.7,-77.0,-90.0,bottom,C210,,C_0603_1608Metric,22nF/25V,smt,True
175.7,-77.1,-90.0,bottom,C211,,C_0603_1608Metric,0.47uF/25V,smt,True
169.2,-77.8,-90.0,top,C212,,C_0603_1608Metric,0.1uF,smt,True
182.6,-74.5,0.0,top,C213,,C_0805_2012Metric,10uF,smt,True
172.8,-74.9,90.0,top,C214,,C_0805_2012Metric,22uF,smt,True
151.9,-70.7,90.0,top,C215,,C_0805_2012Metric,4.7uF,smt,True
165.7,-77.8,-90.0,top,C216,,C_0805_2012Metric,1uF,smt,True
162.3,-70.3,180.0,top,C217,,C_0603_1608Metric,0.1uF/25V,smt,True
168.2,-69.9,0.0,top,C218,,C_0805_2012Metric,1uF,smt,True
165.6,-73.5,-90.0,top,C219,,C_0805_2012Metric,22uF,smt,True
155.1,-43.9,90.0,top,C301,,C_0603_1608Metric,0.1uF,smt,True
150.7,-52.6,180.0,top,C302,,C_0603_1608Metric,16pF,smt,True
151.9,-44.1,90.0,top,C303,,C_0805_2012Metric,10uF,smt,True
150.7,-49.6,180.0,top,C304,,C_0603_1608Metric,16pF,smt,True
178.7,-67.4,-90.0,bottom,C305,,C_0805_2012Metric,1uF,smt,True
182.0,-62.9,180.0,bottom,C306,,C_0805_2012Metric,1uF,smt,True
182.6,-63.8,180.0,top,C307,,C_0603_1608Metric,0.1uF,smt,True
170.8,-67.5,-90.0,bottom,C308,,C_0805_2012Metric,1uF,smt,True
178.7,-58.8,-90.0,bottom,C309,,C_0805_2012Metric,1uF,smt,True
182.675,-62.1,0.0,top,C310,,C_0603_1608Metric,0.1uF,smt,True
182.675,-59.2,0.0,top,C311,,C_0603_1608Metric,2.2uF,smt,True
176.9,-48.0,0.0,bottom,C312,,C_0805_2012Metric,1uF,smt,True
182.2,-55.5,180.0,bottom,C313,,C_0805_2012Metric,1uF,smt,True
182.225,-43.3,0.0,bottom,C314,,C_0603_1608Metric,0.1uF,smt,True
163.77,-60.365,90.0,bottom,C315,,C_0603_1608Metric,0.1uF,smt,True
160.3,-82.3,180.0,top,D201,,LED_0603_1608Metric_Pad1.05x0.95mm_HandSolder,LED RED,smt,True
163.1,-75.5,90.0,top,D202,,D_SOD-323_HandSoldering,NSR0340HT1G,smt,True
151.0,-75.3,0.0,top,D203,,LED_0603_1608Metric_Pad1.05x0.95mm_HandSolder,LED RED,smt,True
151.0,-78.8,180.0,top,D204,,LED_0603_1608Metric_Pad1.05x0.95mm_HandSolder,LED GREEN,smt,True
182.6,-55.9,180.0,top,D301,,D_SOD-323_HandSoldering,NSR0340HT1G,smt,True
159.1,-62.3,-90.0,bottom,FB101,,L_0805_2012Metric,MH2029-601Y,smt,True
152.0,-58.7,90.0,bottom,J101,,USB_C_5077CR-16-SMC2-BK-TR,USB4105-GF-A,smt,True
152.8,-82.25,0.0,bottom,J201,,JST_PH_B2B-PH-K_1x02_P2.00mm_Vertical,LiPo BATTERY,tht,True
167.8,-65.2,0.0,top,J301,,HRS_FH34SRJ-24S-0.5SH_50_,FH34SRJ-24S-0.5SH50,smt,True
170.05,-82.2,-90.0,top,L101,,PinHole_1x02_P4.5mm_Vertical,WR483265-15F5-G,tht,True
157.1,-70.4,0.0,bottom,Q201,,MSOP-8_3x3mm_P0.65mm,IRF7606TRPBF,smt,True
157.1,-75.475,0.0,bottom,Q202,,MSOP-8_3x3mm_P0.65mm,IRF7606TRPBF,smt,True
157.1,-75.5,180.0,top,Q203,,MSOP-8_3x3mm_P0.65mm,IRF7606TRPBF,smt,True
182.0,-68.6,90.0,bottom,Q301,,MSOP-8_3x3mm_P0.65mm,IRF7606TRPBF,smt,True
150.7,-57.2,0.0,top,R101,,R_0603_1608Metric,5.1K,smt,True
150.8,-60.3,0.0,top,R102,,R_0603_1608Metric,5.1K,smt,True
173.1,-81.9,90.0,bottom,R202,,R_0603_1608Metric,1K,smt,True
167.5,-67.6,-90.0,bottom,R203,,R_0603_1608Metric,10K,smt,True
172.6,-72.3,90.0,bottom,R204,,R_0603_1608Metric,110 1%,smt,True
175.6,-72.3,-90.0,bottom,R207,,R_0603_1608Metric,150 1%,smt,True
172.9,-71.1,-90.0,top,R208,,R_0603_1608Metric,10K,smt,True
159.3,-69.5,-90.0,top,R209,,R_0603_1608Metric,2K,smt,True
160.1,-79.4,0.0,top,R210,,R_0603_1608Metric,100K,smt,True
151.0,-75.4,0.0,bottom,R211,,R_0603_1608Metric,330,smt,True
150.8,-81.9,-90.0,top,R212,,R_0603_1608Metric,330,smt,True
181.7,-74.2,180.0,bottom,R301,,R_0603_1608Metric,10K,smt,True
182.3,-53.4,180.0,bottom,R302,,R_0603_1608Metric,10K,smt,True
182.6,-71.3,0.0,top,R303,,R_0603_1608Metric,1K,smt,True
183.5,-66.8,90.0,top,R304,,R_0603_1608Metric,10K,smt,True
182.4,-46.3,180.0,bottom,R305,,R_0603_1608Metric,51K 1%,smt,True
182.3,-49.3,0.0,bottom,R306,,R_0603_1608Metric,51K 1%,smt,True
182.6,-52.7,180.0,top,R307,,R_0603_1608Metric,4.7K,smt,True
162.8,-64.9,180.0,bottom,R308,,R_0603_1608Metric,10K,smt,True
182.6,-49.7,180.0,top,R309,,R_0603_1608Metric,4.7K,smt,True
155.0,-44.9,0.0,bottom,R310,,R_0603_1608Metric,10K,smt,True
151.7,-66.3,-90.0,bottom,R311,,R_0603_1608Metric,10K,smt,True
155.0,-46.6,0.0,bottom,R312,,R_0603_1608Metric,10K,smt,True
154.7,-66.4,-90.0,bottom,R313,,R_0603_1608Metric,10K,smt,True
154.9,-49.5,0.0,bottom,R314,,R_0603_1608Metric,10K,smt,True
155.2,-60.3,180.0,top,R315,,R_0603_1608Metric,10K,smt,True
154.9,-51.7,0.0,bottom,R316,,R_0603_1608Metric,10K,smt,True
182.3,-51.4,0.0,bottom,R317,,R_0603_1608Metric,10K,smt,True
176.9,-44.8,180.0,bottom,R318,,R_0603_1608Metric,10K,smt,True
172.7,-59.3,180.0,bottom,R319,,R_0603_1608Metric,10K,smt,True
176.8,-41.9,0.0,bottom,R320,,R_0603_1608Metric,10K,smt,True
166.94,-60.51,-90.0,bottom,R321,,R_0603_1608Metric,10K,smt,True
153.8,-65.7,0.0,top,SW301,,WS-TASV SMT Tact Switch,3.5x2.6 Tact SW,smt,True
178.8,-65.7,0.0,top,SW302,,WS-TASV SMT Tact Switch,3.5x2.6 Tact SW,smt,True
182.3,-45.3,0.0,top,TP301,,TestPoint_Pad_3.2x1.6mm,TOUCHSW,tht,True
167.8,-74.4,0.0,bottom,U201,,RHL20_2P05X3P05,BQ51013BRHLR,smt,True
179.3,-80.1,0.0,top,U202,,SOT-223-3_TabPin2,LD1117S33TR_SOT223,smt,True
156.1,-70.7,0.0,top,U203,,SOT-23-5,MCP73831-2-OT,smt,True
167.95,-47.84,0.0,top,U301,,ESP32-S3-WROOM-1_EXP,ESP32-S3-WROOM-1-N16R8,smt,True
174.3,-67.4,0.0,bottom,U302,,SOT-23,MCP1700T-1802E/TT,smt,True
182.0,-58.8,0.0,bottom,U303,,SOT-23,MCP1700T-2802E/TT,smt,True
167.8,-49.8,180.0,bottom,U304,,EM32VSUKN FPGA153,"FEMC064G-M11
",smt,True
155.1,-51.4,-90.0,top,Y301,,Crystal_SMD_3215-2Pin_3.2x1.5mm,32.7680KHz,smt,True
