﻿designator,quantity,value,pack,mpn,mount_type
"C201, C207, C210",3,22nF/25V,C_0603_1608Metric,,smt
"C202, C208, C209",3,0.01uF/25V,C_0603_1608Metric,,smt
"C203, C217",2,0.1uF/25V,C_0603_1608Metric,,smt
"C204, C216, C218, C305, C306, C308, C309, C312, C313",9,1uF,C_0805_2012Metric,,smt
C205,1,2000pF/25V,C_0603_1608Metric,,smt
"C206, C211",2,0.47uF/25V,C_0603_1608Metric,,smt
"C212, C301, C307, C310, C314, C315",6,0.1uF,C_0603_1608Metric,,smt
"C213, C303",2,10uF,C_0805_2012Metric,,smt
"C214, C219",2,22uF,C_0805_2012Metric,,smt
C215,1,4.7uF,C_0805_2012Metric,,smt
"C302, C304",2,16pF,C_0603_1608Metric,,smt
C311,1,2.2uF,C_0603_1608Metric,,smt
"D201, D203",2,LED RED,LED_0603_1608Metric_Pad1.05x0.95mm_HandSolder,,smt
"D202, D301",2,NSR0340HT1G,D_SOD-323_HandSoldering,,smt
D204,1,LED GREEN,LED_0603_1608Metric_Pad1.05x0.95mm_HandSolder,,smt
FB101,1,MH2029-601Y,L_0805_2012Metric,,smt
J101,1,USB4105-GF-A,USB_C_5077CR-16-SMC2-BK-TR,,smt
J201,1,LiPo BATTERY,JST_PH_B2B-PH-K_1x02_P2.00mm_Vertical,,tht
J301,1,FH34SRJ-24S-0.5SH50,HRS_FH34SRJ-24S-0.5SH_50_,,smt
L101,1,WR483265-15F5-G,PinHole_1x02_P4.5mm_Vertical,,tht
"Q201, Q202, Q203, Q301",4,IRF7606TRPBF,MSOP-8_3x3mm_P0.65mm,,smt
"R101, R102",2,5.1K,R_0603_1608Metric,,smt
"R202, R303",2,1K,R_0603_1608Metric,,smt
"R203, R208, R301, R302, R304, R308, R310, R311, R312, R313, R314, R315, R316, R317, R318, R319, R320, R321",18,10K,R_0603_1608Metric,,smt
R204,1,110 1%,R_0603_1608Metric,,smt
R207,1,150 1%,R_0603_1608Metric,,smt
R209,1,2K,R_0603_1608Metric,,smt
R210,1,100K,R_0603_1608Metric,,smt
"R211, R212",2,330,R_0603_1608Metric,,smt
"R305, R306",2,51K 1%,R_0603_1608Metric,,smt
"R307, R309",2,4.7K,R_0603_1608Metric,,smt
"SW301, SW302",2,3.5x2.6 Tact SW,WS-TASV SMT Tact Switch,,smt
TP301,1,TOUCHSW,TestPoint_Pad_3.2x1.6mm,,tht
U201,1,BQ51013BRHLR,RHL20_2P05X3P05,,smt
U202,1,LD1117S33TR_SOT223,SOT-223-3_TabPin2,,smt
U203,1,MCP73831-2-OT,SOT-23-5,,smt
U301,1,ESP32-S3-WROOM-1-N16R8,ESP32-S3-WROOM-1_EXP,,smt
U302,1,MCP1700T-1802E/TT,SOT-23,,smt
U303,1,MCP1700T-2802E/TT,SOT-23,,smt
U304,1,"FEMC064G-M11
",EM32VSUKN FPGA153,,smt
Y301,1,32.7680KHz,Crystal_SMD_3215-2Pin_3.2x1.5mm,,smt
